{
  "train": {
    "accuracy": 0.912,
    "precision": 1.0,
    "recall": 0.8178053830227743,
    "f1": 0.8997722095671982,
    "confusion_matrix": [
      [
        517,
        0
      ],
      [
        88,
        395
      ]
    ]
  },
  "validation": {
    "accuracy": 0.485,
    "precision": 0.42105263157894735,
    "recall": 0.16494845360824742,
    "f1": 0.23703703703703705,
    "confusion_matrix": [
      [
        81,
        22
      ],
      [
        81,
        16
      ]
    ]
  }
}