{
  "logistic_regression": {
    "train": {
      "accuracy": 0.9418333333333333,
      "precision": 0.9341631182443498,
      "recall": 0.9506666666666667,
      "f1": 0.9423426400132165,
      "confusion_matrix": [
        [
          2799,
          201
        ],
        [
          148,
          2852
        ]
      ]
    },
    "validation": {
      "accuracy": 0.9465,
      "precision": 0.9542217700915565,
      "recall": 0.938,
      "f1": 0.946041351487645,
      "confusion_matrix": [
        [
          955,
          45
        ],
        [
          62,
          938
        ]
      ]
    }
  },
  "random_forest": {
    "train": {
      "accuracy": 1.0,
      "precision": 1.0,
      "recall": 1.0,
      "f1": 1.0,
      "confusion_matrix": [
        [
          3000,
          0
        ],
        [
          0,
          3000
        ]
      ]
    },
    "validation": {
      "accuracy": 0.9815,
      "precision": 0.9819819819819819,
      "recall": 0.981,
      "f1": 0.9814907453726863,
      "confusion_matrix": [
        [
          982,
          18
        ],
        [
          19,
          981
        ]
      ]
    }
  },
  "svm_rbf": {
    "train": {
      "accuracy": 0.9706666666666667,
      "precision": 0.9709806537691794,
      "recall": 0.9703333333333334,
      "f1": 0.9706568856285428,
      "confusion_matrix": [
        [
          2913,
          87
        ],
        [
          89,
          2911
        ]
      ]
    },
    "validation": {
      "accuracy": 0.967,
      "precision": 0.9679358717434869,
      "recall": 0.966,
      "f1": 0.9669669669669669,
      "confusion_matrix": [
        [
          968,
          32
        ],
        [
          34,
          966
        ]
      ]
    }
  }
}