{
  "train": {
    "accuracy": 0.947,
    "precision": 0.9068541300527241,
    "recall": 1.0,
    "f1": 0.9511520737327189,
    "confusion_matrix": [
      [
        431,
        53
      ],
      [
        0,
        516
      ]
    ]
  },
  "validation": {
    "accuracy": 0.54,
    "precision": 0.564935064935065,
    "recall": 0.7767857142857143,
    "f1": 0.6541353383458647,
    "confusion_matrix": [
      [
        21,
        67
      ],
      [
        25,
        87
      ]
    ]
  }
}